CUSTOMERID,FIRSTNAME,LASTNAME,AGE,GENDER,INCOMELEVEL,CITY,STATE
1,Carmel,Gajewski,59,Female,Medium,Huntsville,Alabama
2,Veradis,Portsmouth,49,Agender,Low,Columbia,South Carolina
3,Roshelle,Neward,18,Female,Low,Petaluma,California
4,Claudell,Peckham,62,Male,Medium,Paterson,New Jersey
5,Josselyn,Gluyus,44,Female,High,Louisville,Kentucky
6,Kala,Schuck,30,Female,Medium,Sarasota,Florida
7,Arnaldo,Tydeman,39,Male,Low,Clearwater,Florida
8,Danice,Hoggetts,55,Female,Low,Portland,Oregon
9,Constanta,Readitt,54,Female,Low,Fresno,California
10,Hal,Darridon,34,Male,Low,Topeka,Kansas
11,Skye,Brambill,50,Male,Low,Huntsville,Texas
12,Burgess,O'Shiel,47,Male,High,New York City,New York
13,Lissa,Yatman,28,Female,High,Arlington,Virginia
14,Arlen,Bend,59,Female,High,Columbia,Missouri
15,Jean,Peasnone,51,Male,Medium,Monticello,Minnesota
16,Kalil,Matanin,52,Male,Low,Orlando,Florida
17,Johannah,Easthope,67,Female,Low,Columbia,South Carolina
18,Frank,Delacourt,67,Male,Medium,Newark,Delaware
19,Barbee,Shearmur,24,Female,Low,Charlottesville,Virginia
20,Jonie,Gutman,41,Female,Medium,Brockton,Massachusetts
21,Laurene,Ketchaside,32,Female,Medium,Pocatello,Idaho
22,Florence,Vallens,65,Female,Medium,Kalamazoo,Michigan
23,Sammie,O'Sheils,60,Male,High,Colorado Springs,Colorado
24,Gauthier,Camble,69,Male,Low,Southfield,Michigan
25,Loren,Burnes,73,Male,High,Beaumont,Texas
26,Nellie,Beggi,35,Female,Medium,Peoria,Illinois
27,Edeline,Pettiford,79,Female,Low,Hollywood,Florida
28,Winnifred,McIlmorow,65,Female,High,Trenton,New Jersey
29,Geoff,Ibberson,57,Male,Medium,College Station,Texas
30,Vanny,Gowthrop,40,Female,Low,Pasadena,California
31,Heinrik,De Carteret,72,Male,High,Meridian,Mississippi
32,Hy,Mayling,52,Male,Low,Topeka,Kansas
33,Haze,Antos,53,Polygender,Medium,Jacksonville,Florida
34,Nissy,Habergham,44,Female,Medium,Fort Wayne,Indiana
35,Issie,Bruckental,56,Female,Medium,Saint Augustine,Florida
36,Oralla,Pallent,73,Agender,Medium,Austin,Texas
37,Evangelina,Organer,49,Female,Medium,Waltham,Massachusetts
38,Sally,Persent,26,Female,Medium,Birmingham,Alabama
39,Brodie,Keppy,55,Male,High,Muncie,Indiana
40,Charlena,Ronchka,74,Female,Low,Minneapolis,Minnesota
41,Ernesto,Downe,48,Male,High,Chula Vista,California
42,Kathlin,Moubray,59,Female,Low,Miami Beach,Florida
43,Lanie,Fripp,71,Female,Medium,Erie,Pennsylvania
44,Gabi,Menpes,21,Female,High,Charlotte,North Carolina
45,Judi,Dowall,28,Female,High,Sacramento,California
46,Teador,Sharpling,72,Male,High,San Francisco,California
47,Meridel,Meenehan,62,Female,High,Jackson,Mississippi
48,Anne-marie,Capps,61,Female,High,Columbia,South Carolina
49,Kelli,Bonallick,41,Female,Low,New York City,New York
50,Amberly,Gilding,65,Female,Low,Littleton,Colorado
51,Inglebert,Blaisdell,57,Male,Medium,Roanoke,Virginia
52,Burg,Beggio,42,Male,Medium,Yakima,Washington
53,Guenevere,Bande,23,Female,Medium,Laredo,Texas
54,Dannie,Delleschi,56,Female,Medium,Gastonia,North Carolina
55,Barnabe,Waterland,36,Male,High,Sioux Falls,South Dakota
56,Case,Peake,54,Male,High,Philadelphia,Pennsylvania
57,Des,Gorhardt,51,Male,Medium,Jacksonville,Florida
58,Garrek,Jacquemard,61,Male,Medium,Atlanta,Georgia
59,Michaeline,Field,36,Female,Medium,Irvine,California
60,Raffarty,Creegan,21,Male,Medium,Seminole,Florida
61,Vito,Spawton,45,Male,Medium,Atlanta,Georgia
62,Rebekah,Phripp,38,Female,Medium,Metairie,Louisiana
63,Weston,Butler,20,Male,High,Portland,Oregon
64,Pate,Writer,55,Male,High,Orlando,Florida
65,Bourke,Van Ross,38,Non-binary,High,Dallas,Texas
66,Helli,Domm,54,Female,Medium,Concord,California
67,Gustavus,Hellen,69,Male,High,Sioux City,Iowa
68,Gil,Dockreay,61,Male,Medium,San Diego,California
69,Winfield,Girdwood,80,Male,Low,Atlanta,Georgia
70,Blane,Drew-Clifton,68,Male,Medium,Trenton,New Jersey
71,Ninette,Blabie,47,Female,Medium,Woburn,Massachusetts
72,Amabelle,Pieche,63,Polygender,High,Greensboro,North Carolina
73,Ellswerth,Cumo,41,Non-binary,Medium,Grand Junction,Colorado
74,Jennifer,Ralls,73,Female,High,Chicago,Illinois
75,Jilli,Kauffman,79,Female,Low,Montgomery,Alabama
76,Fraze,Puckrin,26,Male,High,Little Rock,Arkansas
77,Read,Rubie,78,Male,High,Dallas,Texas
78,Garvy,Thickins,62,Male,Low,Chicago,Illinois
79,Ronald,Wise,66,Male,Low,Jacksonville,Florida
80,Frederic,Matasov,19,Male,Low,Miami,Florida
81,Estele,Gerge,52,Female,Medium,Kansas City,Missouri
82,Caitrin,Pyrah,28,Female,Low,Gary,Indiana
83,Faye,Burth,41,Genderfluid,High,Pittsburgh,Pennsylvania
84,Peg,Adamovsky,44,Genderqueer,High,North Hollywood,California
85,Merralee,Lown,27,Female,Low,Melbourne,Florida
86,Percy,Try,60,Male,Low,Washington,District of Columbia
87,Cchaddie,Goatman,64,Male,Low,Vero Beach,Florida
88,Hill,Ready,76,Male,Low,Denver,Colorado
89,Bennie,Tanguy,32,Female,Low,Columbus,Ohio
90,Verna,McKibbin,40,Female,Medium,Lakewood,Washington
91,Becki,Couthard,63,Female,Medium,Oklahoma City,Oklahoma
92,Marshal,Sulter,69,Male,High,Punta Gorda,Florida
93,Oliviero,Scherer,57,Male,Medium,Bakersfield,California
94,Shaughn,Benedito,46,Genderqueer,Medium,Houston,Texas
95,Edyth,Umney,56,Female,Medium,Green Bay,Wisconsin
96,Debbi,McIlhagga,77,Female,High,Olympia,Washington
97,Lorenzo,Reinhardt,24,Non-binary,Medium,Jackson,Mississippi
98,Rob,Okey,26,Male,High,Indianapolis,Indiana
99,Teri,Brittan,70,Female,Low,Colorado Springs,Colorado
100,Gay,Pounsett,52,Male,Low,Mobile,Alabama
101,Jase,Ragsdall,78,Male,Medium,Saint Louis,Missouri
102,Venus,Betun,32,Female,High,Huntington,West Virginia
103,Case,Easterling,39,Male,High,Columbus,Ohio
104,Catina,Berzins,67,Female,Low,Baltimore,Maryland
105,Lorettalorna,Chicchelli,44,Female,High,Los Angeles,California
106,Llewellyn,Troutbeck,33,Male,High,Washington,District of Columbia
107,Farra,Breem,27,Female,High,Madison,Wisconsin
108,Ban,Roussell,49,Male,Medium,Peoria,Illinois
109,Welby,Ragbourne,55,Male,Medium,Albuquerque,New Mexico
110,Husain,Pietrzak,71,Genderfluid,Medium,Santa Clara,California
111,Stephie,Methringham,74,Female,Low,Louisville,Kentucky
112,Gran,Nasi,51,Male,Medium,Rockville,Maryland
113,Eilis,MacComiskey,65,Female,Low,Lincoln,Nebraska
114,Valeda,Pioch,19,Female,Low,Waltham,Massachusetts
115,Trixy,Alison,57,Female,High,Fort Wayne,Indiana
116,Warren,Reymers,76,Male,Low,Newton,Massachusetts
117,Helaine,Willeson,58,Female,Medium,Fort Wayne,Indiana
118,Curr,Simpkiss,59,Male,High,New York City,New York
119,Angele,Muncer,55,Female,High,Memphis,Tennessee
120,Ellie,de Broke,60,Female,High,Oklahoma City,Oklahoma
121,Bambie,Jaskiewicz,27,Female,High,Johnstown,Pennsylvania
122,Alessandra,Denisard,19,Female,Low,Humble,Texas
123,Emmanuel,McEttigen,78,Male,Low,Greensboro,North Carolina
124,Shaylyn,Syrie,71,Female,Low,Portland,Oregon
125,Gael,Flower,28,Female,High,Houston,Texas
126,Reynolds,Bratt,36,Male,Low,Chicago,Illinois
127,Mayor,M'Quharg,42,Male,Medium,Sacramento,California
128,Wye,McCromley,22,Male,Low,Young America,Minnesota
129,Catlin,Gadd,27,Female,Medium,Charleston,South Carolina
130,Matti,Prise,47,Female,High,Houston,Texas
131,Adriaens,Schankel,40,Female,Low,New York City,New York
132,Igor,Saffer,45,Male,Low,Phoenix,Arizona
133,Raffarty,Worboys,46,Male,Low,Indianapolis,Indiana
134,Addy,Slinn,60,Male,High,Grand Rapids,Michigan
135,Braden,Kevis,41,Male,Medium,San Antonio,Texas
136,Faina,Collete,43,Female,Medium,Tucson,Arizona
137,Mychal,Gellier,76,Male,Medium,Scottsdale,Arizona
138,Annmaria,de Clercq,76,Female,Low,Saint Paul,Minnesota
139,Cornelia,Bruinsma,53,Female,Medium,Baton Rouge,Louisiana
140,Ceil,Nairns,42,Female,High,Washington,District of Columbia
141,Corinne,O'Donohue,65,Female,Medium,Houston,Texas
142,Deck,Adelberg,47,Bigender,Low,Yakima,Washington
143,Amandy,Farley,31,Non-binary,High,Des Moines,Iowa
144,Cinderella,Leggis,24,Female,Medium,Myrtle Beach,South Carolina
145,Margarette,de Keep,27,Female,Medium,Amarillo,Texas
146,Franklin,Everil,62,Male,Low,Phoenix,Arizona
147,Ana,Peniello,49,Female,Medium,Santa Clara,California
148,Cherry,Spaice,72,Female,High,Monticello,Minnesota
149,Daryle,Wanjek,51,Male,High,Salt Lake City,Utah
150,Vick,Crone,47,Male,High,Youngstown,Ohio
151,Burtie,Ferens,55,Male,High,Jackson,Tennessee
152,Willey,Maddrell,77,Male,Low,Topeka,Kansas
153,Jase,Cardo,39,Male,High,Tulsa,Oklahoma
154,Marga,Peckett,22,Female,Medium,Cumming,Georgia
155,Lowrance,Bestman,79,Male,High,Fort Lauderdale,Florida
156,Vernor,Cosgreave,55,Male,High,Arlington,Texas
157,Gretchen,Scorah,18,Genderqueer,High,Alexandria,Louisiana
158,Ephrayim,Reyson,65,Male,Medium,Pittsburgh,Pennsylvania
159,Thea,Giacobo,50,Female,Low,Irvine,California
160,Tomaso,Andreolli,62,Male,Medium,Austin,Texas
161,Kevin,Scheffler,46,Male,High,Richmond,Virginia
162,Godwin,Scardefield,49,Male,Low,Arvada,Colorado
163,Natty,Shawl,67,Female,Medium,New Orleans,Louisiana
164,Elwyn,Grahlmans,37,Male,High,Long Beach,California
165,Ramsay,Berwick,30,Male,Medium,Lincoln,Nebraska
166,Zabrina,Tamblingson,45,Female,Low,Jersey City,New Jersey
167,Shaylah,Gerbl,28,Female,Medium,Charlotte,North Carolina
168,Ramona,Burchett,57,Female,High,Shawnee Mission,Kansas
169,Nara,McTurley,76,Female,High,Houston,Texas
170,Brandea,Temperton,47,Female,Medium,Philadelphia,Pennsylvania
171,Wilmar,Joules,45,Male,High,Idaho Falls,Idaho
172,Rebekkah,Linnit,25,Female,Medium,Anniston,Alabama
173,Quentin,Lynagh,59,Male,Low,Anaheim,California
174,Gerry,Sex,52,Male,Low,Denver,Colorado
175,Ruddy,Isakson,78,Male,Low,Atlanta,Georgia
176,Abbe,Escoffrey,21,Male,Low,Cleveland,Ohio
177,Wynny,Cridge,29,Female,Low,Fresno,California
178,Miltie,Cudmore,49,Male,Low,Miami,Florida
179,Ardra,Piggins,77,Female,Medium,Richmond,Virginia
180,Mia,Northwood,56,Female,Medium,Greensboro,North Carolina
181,Maryanne,Faraday,29,Female,High,San Francisco,California
182,Tadd,Sima,26,Male,Low,El Paso,Texas
183,Dayle,Cadore,71,Female,Low,Indianapolis,Indiana
184,Aloysia,Bricket,30,Female,High,Louisville,Kentucky
185,Gustave,Cogan,80,Male,Low,Stockton,California
186,Gun,De Robertis,30,Male,Low,Pasadena,California
187,Parnell,Gater,30,Male,Medium,Conroe,Texas
188,Gerrilee,Licciardo,63,Female,Low,Harrisburg,Pennsylvania
189,Shana,Escoffrey,51,Female,High,New York City,New York
190,Verna,Androletti,36,Female,Medium,Visalia,California
191,Konstanze,Thistleton,30,Female,Low,Tyler,Texas
192,Starlin,Errigo,62,Female,Low,Virginia Beach,Virginia
193,Chicky,Tivnan,30,Female,High,Hamilton,Ohio
194,Golda,Congram,29,Female,High,El Paso,Texas
195,Betteanne,Tunmore,69,Female,Medium,San Antonio,Texas
196,Law,de Pinna,66,Non-binary,Low,Peoria,Illinois
197,Carmina,Thandi,18,Female,Medium,Sacramento,California
198,Dita,Damiata,35,Female,Low,Chesapeake,Virginia
199,Lorin,Bayford,39,Male,High,Largo,Florida
200,Dotti,McCardle,28,Female,Low,Des Moines,Iowa
201,Saraann,Ragborne,43,Female,Medium,Brooklyn,New York
202,Elias,Bowman,47,Male,High,Tacoma,Washington
203,Kaleena,Olerenshaw,58,Polygender,High,North Las Vegas,Nevada
204,Lynde,Pattenden,38,Female,Low,Myrtle Beach,South Carolina
205,Viva,Ringe,37,Female,High,Huntington,West Virginia
206,Pepillo,Grishaev,55,Male,Low,Greenville,South Carolina
207,Mac,Muscroft,32,Male,Low,Mobile,Alabama
208,Modestine,Basford,37,Female,Medium,Richmond,Virginia
209,Agustin,Lorrie,30,Male,Low,Columbus,Mississippi
210,Lotti,Donn,28,Polygender,Medium,Lake Worth,Florida
211,Evan,Rosenblatt,37,Male,Low,Pocatello,Idaho
212,Dudley,Readshall,47,Male,Low,Fort Myers,Florida
213,Alison,Ealles,58,Female,Medium,Pasadena,California
214,Parnell,Jedrzejewicz,77,Male,Medium,Chicago,Illinois
215,Edgardo,Larmet,35,Male,High,Durham,North Carolina
216,Gerek,Stanyard,34,Male,Low,New York City,New York
217,Clarette,Patria,33,Female,High,New Orleans,Louisiana
218,Benita,Cockburn,57,Female,Medium,Pompano Beach,Florida
219,Dorry,Damato,51,Female,Low,Naples,Florida
220,Audre,Peche,55,Female,Medium,Fort Lauderdale,Florida
221,Sonnie,Chevin,59,Male,Medium,Philadelphia,Pennsylvania
222,Krisha,Irdale,63,Male,Medium,Phoenix,Arizona
223,Amanda,Panketh,18,Female,Medium,Las Vegas,Nevada
224,Maire,Jaqueminet,27,Female,Medium,Charleston,South Carolina
225,Clem,Dowles,41,Female,Medium,Washington,District of Columbia
226,Godfry,Calbreath,70,Male,High,Salinas,California
227,Ezra,Stanex,68,Male,Low,Orlando,Florida
228,Jeanie,Marrow,69,Female,High,Shawnee Mission,Kansas
229,Jdavie,Najera,31,Male,High,Boulder,Colorado
230,Welby,Holberry,74,Male,High,Cincinnati,Ohio
231,Osborn,Winterton,37,Male,High,Springfield,Illinois
232,Sibelle,Guarin,78,Female,Medium,Alexandria,Virginia
233,Brockie,Camilletti,20,Male,High,Naples,Florida
234,Gillan,Shefton,24,Female,High,Grand Rapids,Michigan
235,Boote,Rosenblath,71,Male,High,Arlington,Virginia
236,Bernardine,Fassbindler,53,Female,Medium,Myrtle Beach,South Carolina
237,Tracee,Ortes,23,Female,High,Austin,Texas
238,Cindelyn,Edington,77,Genderqueer,Medium,Montpelier,Vermont
239,Salim,Ruler,37,Male,Medium,Dallas,Texas
240,Maximilien,Joslyn,27,Male,High,El Paso,Texas
241,Mureil,Westphalen,64,Female,Low,Raleigh,North Carolina
242,Jennie,Dwelly,74,Female,High,Saginaw,Michigan
243,Aland,Jarrel,63,Genderfluid,High,Providence,Rhode Island
244,Analise,Dimitrie,33,Female,High,San Diego,California
245,Penelopa,Antal,45,Female,High,Houston,Texas
246,Flint,Braycotton,57,Male,High,Waterbury,Connecticut
247,Sonni,Worvell,26,Female,Low,Sacramento,California
248,Ignacio,Pittson,38,Male,High,Jacksonville,Florida
249,Kally,Scamwell,79,Female,Low,Brockton,Massachusetts
250,Patrizia,Barrowcliff,62,Female,Low,Seattle,Washington
251,Dorothy,Enticott,44,Female,Low,Bronx,New York
252,Roth,Goodspeed,67,Male,High,Albany,New York
253,Corrina,Breheny,40,Female,Medium,Chicago,Illinois
254,Lissi,Zapatero,78,Female,Medium,Hartford,Connecticut
255,Rhett,Longshaw,79,Male,Medium,Bismarck,North Dakota
256,Cherie,Lunn,46,Female,Low,Memphis,Tennessee
257,Teddi,Dixcee,44,Female,Low,Seattle,Washington
258,Fredi,McLeese,18,Bigender,High,Great Neck,New York
259,Nedda,De Giovanni,19,Female,High,Topeka,Kansas
260,Shirl,Lau,77,Female,High,Sacramento,California
261,Tiertza,Garza,75,Agender,High,Huntington,West Virginia
262,Eb,Lennard,51,Male,Medium,Mobile,Alabama
263,Reeba,Butting,21,Female,Low,Virginia Beach,Virginia
264,Annemarie,Tourry,48,Female,High,Indianapolis,Indiana
265,Tome,Ragat,31,Male,High,Birmingham,Alabama
266,Thedrick,Boothby,74,Male,High,Mobile,Alabama
267,Wyatan,Haldenby,48,Male,Low,Edmond,Oklahoma
268,Allis,McNicol,21,Genderfluid,High,Arlington,Texas
269,Blanche,Beston,61,Polygender,Low,Peoria,Illinois
270,Shannon,Guilliland,21,Male,Low,San Diego,California
271,Patrizia,Maharey,70,Female,Low,Chicago,Illinois
272,Austina,Aitken,74,Female,High,Marietta,Georgia
273,Beilul,Paumier,22,Female,Low,Bakersfield,California
274,Kendell,Fallows,78,Male,High,Ogden,Utah
275,Morie,Pulsford,30,Male,Medium,Rochester,New York
276,Justina,Rann,68,Female,Medium,Dallas,Texas
277,Georgeanne,Ellams,28,Female,Medium,New York City,New York
278,Nicolais,Dummett,71,Male,Low,Evansville,Indiana
279,Ive,Jewkes,36,Male,Low,Madison,Wisconsin
280,Elsey,Smee,29,Female,High,Port Washington,New York
281,Kareem,Curd,59,Male,Low,Levittown,Pennsylvania
282,Emmet,Dimitrescu,62,Male,High,Boise,Idaho
283,Donica,Windmill,24,Female,Medium,Denver,Colorado
284,Karel,Carmichael,26,Male,High,Amarillo,Texas
285,Hesther,Rilings,23,Female,Low,El Paso,Texas
286,Rich,Shillingford,33,Male,High,Bellevue,Washington
287,Erich,Dumbelton,52,Male,Low,Dallas,Texas
288,Annmaria,Cappel,45,Female,High,Raleigh,North Carolina
289,Deidre,Bernardes,60,Female,Medium,Reno,Nevada
290,Pearl,Rider,60,Female,High,Springfield,Illinois
291,Taber,Dumbleton,49,Male,Medium,Bradenton,Florida
292,Marabel,Corzor,74,Female,Medium,New York City,New York
293,Clare,Lawful,61,Male,Low,Bronx,New York
294,Fae,Charlet,56,Female,High,Denver,Colorado
295,Randi,Jeffcock,23,Female,Low,Largo,Florida
296,Natividad,Lowater,69,Genderfluid,High,Tucson,Arizona
297,Kellie,Eldridge,41,Female,High,Odessa,Texas
298,Butch,Scolland,73,Male,Medium,Dallas,Texas
299,Nedda,Haglinton,62,Female,Medium,Mansfield,Ohio
300,Shelby,Saura,75,Male,Medium,Vancouver,Washington
301,Abagail,Kovnot,79,Female,High,Peoria,Illinois
302,Melloney,Tyndall,72,Female,Medium,Honolulu,Hawaii
303,Sacha,Shurmer,77,Female,Medium,New York City,New York
304,Jerome,Acres,41,Male,High,Philadelphia,Pennsylvania
305,Carleen,Shank,22,Female,High,Kansas City,Missouri
306,Paulie,Bernadot,73,Female,Medium,Los Angeles,California
307,Heidi,Heffer,67,Female,Low,Alexandria,Louisiana
308,Loella,Aughtie,22,Female,Low,El Paso,Texas
309,Agnesse,Steere,51,Female,Medium,Denton,Texas
310,Ellis,Fergyson,38,Male,High,Austin,Texas
311,Malcolm,Eisikowitz,52,Bigender,Medium,Jacksonville,Florida
312,Keenan,Korb,43,Male,Low,El Paso,Texas
313,Nolana,MacEntee,26,Female,High,Salt Lake City,Utah
314,Doria,Halmkin,53,Female,Low,Albuquerque,New Mexico
315,Julian,Stelle,68,Male,Low,New Haven,Connecticut
316,Derril,Ziemen,35,Male,Medium,Huntington,West Virginia
317,Jerrold,Sandey,27,Genderfluid,Medium,Des Moines,Iowa
318,Mick,McKirdy,37,Male,Low,Tacoma,Washington
319,Hermione,Figg,46,Female,Medium,Kansas City,Missouri
320,Sharai,Bielby,70,Female,High,Orlando,Florida
321,Gerladina,Knewstub,51,Female,Low,Vienna,Virginia
322,Kathe,Carnell,19,Genderqueer,High,New York City,New York
323,Cassius,Creeghan,28,Male,High,Littleton,Colorado
324,Sharia,Eaton,35,Female,Low,El Paso,Texas
325,Becky,Probbin,19,Female,High,Harrisburg,Pennsylvania
326,Iggie,Cummine,70,Male,High,Burbank,California
327,Em,Colhoun,39,Male,High,Seattle,Washington
328,Wait,Targett,20,Male,High,West Palm Beach,Florida
329,Harmonie,Willshee,78,Female,Medium,Albuquerque,New Mexico
330,Emelyne,Cuttell,49,Female,High,Oklahoma City,Oklahoma
331,Catherina,Lies,58,Female,High,Young America,Minnesota
332,Lorettalorna,Barley,71,Female,Low,Austin,Texas
333,Cherye,Murden,39,Female,Medium,Tacoma,Washington
334,Andree,Hinckes,56,Female,Low,Washington,District of Columbia
335,Nehemiah,Laviste,28,Male,Low,Cincinnati,Ohio
336,Brendin,Tankard,24,Male,Low,San Diego,California
337,Rora,Levene,61,Female,Medium,Spokane,Washington
338,Tiphanie,McCerery,48,Female,Low,Colorado Springs,Colorado
339,Lucais,Mahood,75,Male,Low,Nashville,Tennessee
340,Mack,Flipek,37,Male,Medium,Memphis,Tennessee
341,Minne,Smallpeice,69,Female,Medium,Charleston,West Virginia
342,Ned,Gerson,67,Male,Low,Durham,North Carolina
343,Harbert,Le Barr,68,Male,Medium,Naperville,Illinois
344,Gwennie,Purrington,51,Female,Low,Lynn,Massachusetts
345,Minta,Redhole,67,Female,Low,Fargo,North Dakota
346,Merwin,Anglim,46,Male,Low,Bridgeport,Connecticut
347,Rutledge,Conlaund,41,Male,Low,Buffalo,New York
348,Heidi,Mordey,37,Female,Low,Chicago,Illinois
349,Abbot,Sherrington,49,Male,Medium,Mount Vernon,New York
350,Halimeda,Drake,43,Female,Medium,Louisville,Kentucky
351,Natalina,Portugal,79,Female,Medium,Glendale,Arizona
352,Jared,Downing,50,Male,High,Louisville,Kentucky
353,Adrianne,Nockells,49,Female,High,Macon,Georgia
354,Tracey,Antony,22,Male,High,Farmington,Michigan
355,Jacqui,Jacox,24,Female,Low,Vero Beach,Florida
356,Steven,Lauritzen,54,Male,Low,Grand Rapids,Michigan
357,Shaughn,Sore,27,Male,High,Washington,District of Columbia
358,Minna,Readhead,47,Female,High,Johnson City,Tennessee
359,Federica,Laxson,19,Female,Medium,Fort Lauderdale,Florida
360,Darrelle,Loblie,32,Female,High,Great Neck,New York
361,Thatch,Doneld,63,Male,Low,Cleveland,Ohio
362,Melosa,Wetherick,70,Female,High,Erie,Pennsylvania
363,Lee,Streeter,32,Genderfluid,Low,Lancaster,California
364,Kinny,Rawsthorne,58,Male,High,Paterson,New Jersey
365,Beale,MacDermand,72,Male,High,Austin,Texas
366,Clemmie,Dootson,37,Female,Medium,Albuquerque,New Mexico
367,Giselbert,Cansdale,51,Male,Medium,Syracuse,New York
368,Hill,McLurg,30,Male,Low,Hollywood,Florida
369,Heall,Kermott,23,Male,High,Houston,Texas
370,Emyle,Knowlton,20,Female,Medium,Alexandria,Virginia
371,Hermon,McCarter,18,Male,Medium,El Paso,Texas
372,Corie,Rawnsley,31,Female,Low,Atlanta,Georgia
373,Vaughn,Bigglestone,74,Non-binary,Medium,Houston,Texas
374,Luise,Waison,41,Female,Medium,Grand Junction,Colorado
375,Kerwin,Snartt,46,Male,High,Reading,Pennsylvania
376,Walsh,Kindell,23,Male,Medium,Montgomery,Alabama
377,Isabelle,Dagleas,75,Female,High,Los Angeles,California
378,Hatti,Veschambes,68,Female,Low,Salinas,California
379,Bren,Hincks,61,Male,High,Wilmington,Delaware
380,Patrizio,Poundsford,74,Male,High,Pueblo,Colorado
381,Rufe,Yeskin,57,Male,High,Waterbury,Connecticut
382,Susannah,Crilley,38,Female,Medium,Denver,Colorado
383,Roger,Wellen,50,Male,High,Punta Gorda,Florida
384,Hamlen,Busher,50,Genderfluid,Low,Des Moines,Iowa
385,Bettine,Meldrum,44,Female,Low,Columbus,Ohio
386,Rivi,Videneev,57,Female,Medium,Raleigh,North Carolina
387,Clotilda,Boyn,48,Female,High,Springfield,Illinois
388,Jocko,Millom,72,Male,Medium,Norwalk,Connecticut
389,Tymon,Swainger,60,Male,Low,Oakland,California
390,Gabbey,Vickerman,77,Female,Low,New Orleans,Louisiana
391,Willow,Hardan,18,Genderqueer,Medium,Fort Worth,Texas
392,Cammie,Treharne,47,Female,Low,Washington,District of Columbia
393,Donetta,Dennant,76,Female,Medium,Sacramento,California
394,Nicolas,Evered,63,Male,Low,Richmond,Virginia
395,Kattie,Roulston,21,Female,Medium,New Orleans,Louisiana
396,Anett,Hurdwell,29,Female,Medium,Dallas,Texas
397,Kendal,Littlekit,29,Male,Medium,Houston,Texas
398,Noemi,Trengrove,32,Female,Medium,Saint Louis,Missouri
399,Pavla,Neighbour,38,Female,High,Peoria,Illinois
400,Kurt,Oliver,54,Male,Medium,Chicago,Illinois
401,Barn,Greensall,43,Male,Low,Nashville,Tennessee
402,Dell,Corbridge,70,Female,High,Baton Rouge,Louisiana
403,Aretha,Brisland,34,Female,Low,Pittsburgh,Pennsylvania
404,Ursula,Gilfoyle,55,Female,High,Virginia Beach,Virginia
405,Kalindi,Skocroft,19,Female,Medium,Los Angeles,California
406,Greta,Ridett,30,Female,High,Waterbury,Connecticut
407,Osbert,Dane,55,Agender,Medium,Long Beach,California
408,Valaree,McQuorkell,58,Polygender,Low,Modesto,California
409,Tedi,Gurko,72,Female,Medium,Peoria,Illinois
410,Elaine,Iacabucci,46,Female,High,Dayton,Ohio
411,Emmy,Gallgher,34,Male,Low,Miami,Florida
412,Vin,Varnam,55,Male,Low,Pueblo,Colorado
413,Cathee,Cluatt,36,Female,High,Charleston,West Virginia
414,Demetra,Kirwood,45,Female,Low,El Paso,Texas
415,Rhett,Thorneley,40,Male,Low,Oceanside,California
416,Belle,Thackeray,63,Female,High,San Bernardino,California
417,Patience,Downs,75,Female,Medium,Raleigh,North Carolina
418,Britteny,Heinschke,34,Female,High,El Paso,Texas
419,Cly,Woolfitt,44,Genderqueer,Low,Cincinnati,Ohio
420,Farlie,Hedger,29,Male,Low,Winston Salem,North Carolina
421,Kevon,Diglin,33,Male,Low,San Antonio,Texas
422,Zerk,Deavall,18,Agender,Low,Detroit,Michigan
423,Eward,Willey,46,Male,Low,Los Angeles,California
424,Florian,Aitcheson,70,Male,Medium,Beaumont,Texas
425,Ronalda,Harris,49,Female,High,Billings,Montana
426,Haily,Djurevic,76,Male,Medium,Syracuse,New York
427,Tabbatha,Attewell,54,Female,Low,Honolulu,Hawaii
428,Erastus,Henniger,56,Male,High,Stockton,California
429,Lindy,Hearn,69,Female,Medium,Peoria,Illinois
430,Mary,Grzesiewicz,31,Female,High,Richmond,Virginia
431,Enrico,Orchard,54,Male,High,Sterling,Virginia
432,Druci,Begent,78,Female,High,New Bedford,Massachusetts
433,Elianore,Gusticke,68,Female,Low,Albany,New York
434,Elise,Doudney,64,Female,High,Atlanta,Georgia
435,Ephrayim,Ryal,80,Non-binary,High,Portland,Oregon
436,Ada,Fidal,50,Female,Medium,Lansing,Michigan
437,Valerie,Twigger,31,Female,Low,Oklahoma City,Oklahoma
438,Claybourne,Moulson,80,Male,Low,Minneapolis,Minnesota
439,Patricia,Eastam,68,Female,Low,Wilmington,Delaware
440,Kevina,Tilliard,38,Female,Medium,Orange,California
441,Bearnard,Bellanger,74,Male,Low,Miami,Florida
442,Lindsey,Wogdon,37,Female,Medium,Portsmouth,Virginia
443,Frederich,Jepperson,78,Male,High,Amarillo,Texas
444,Rorie,Ottosen,51,Female,High,San Francisco,California
445,Tiffany,Beaufoy,18,Female,Low,Prescott,Arizona
446,Bruno,Brookhouse,59,Male,Medium,Kalamazoo,Michigan
447,Morrie,Windaybank,44,Male,High,New York City,New York
448,Alley,D'Almeida,20,Male,Low,Knoxville,Tennessee
449,Lorette,Aldiss,76,Female,Low,Washington,District of Columbia
450,Arie,Sillito,35,Male,Medium,San Diego,California
451,Jorgan,Domanski,51,Male,High,San Jose,California
452,Sterne,Merkel,21,Male,Medium,Kansas City,Missouri
453,Florentia,Mabone,79,Female,Medium,Topeka,Kansas
454,Addie,Conant,41,Male,High,Saint Louis,Missouri
455,Fidelio,Seeger,55,Male,Medium,Suffolk,Virginia
456,Gertie,Corteney,54,Female,High,Dulles,Virginia
457,Rupert,Calam,64,Male,Medium,Houston,Texas
458,Bendix,Crannach,30,Male,Medium,Sacramento,California
459,Maribelle,Feragh,56,Female,High,Oklahoma City,Oklahoma
460,Valry,Mandres,73,Female,High,Los Angeles,California
461,Claiborne,Fawckner,44,Genderqueer,Low,Alhambra,California
462,Terrence,De La Cote,64,Male,Low,Charlotte,North Carolina
463,Isaiah,Defries,44,Male,Medium,Fresno,California
464,Rosanna,Catterick,19,Female,Low,Portland,Maine
465,Evita,Sturgeon,71,Female,High,Columbia,South Carolina
466,Ebba,Sinyard,52,Female,Low,Albany,New York
467,Nelson,Letherbury,34,Male,High,Glendale,Arizona
468,Minni,Heigl,79,Female,Low,Newark,Delaware
469,Enrico,Farrall,25,Male,Medium,Richmond,Virginia
470,Desdemona,Chedgey,78,Polygender,Medium,Richmond,Virginia
471,Harriette,Towse,73,Polygender,Low,El Paso,Texas
472,Roxane,Libreros,22,Female,Medium,New York City,New York
473,Dorisa,Attkins,51,Female,High,Arlington,Texas
474,Brock,Cundey,67,Male,High,Bakersfield,California
475,Cheslie,Meredyth,68,Genderfluid,Medium,Des Moines,Iowa
476,Weber,Frowde,78,Genderfluid,Medium,Tampa,Florida
477,Kerr,Boik,74,Male,Medium,Boise,Idaho
478,Cos,Stanlack,65,Male,Medium,Little Rock,Arkansas
479,Sheridan,Biddles,57,Male,Medium,Santa Barbara,California
480,Anderea,Crossingham,36,Agender,High,Houston,Texas
481,Gav,Edwinson,74,Male,Low,Reston,Virginia
482,Rosamond,Febvre,51,Female,High,Savannah,Georgia
483,Mendy,Reece,33,Male,Medium,Reno,Nevada
484,Reina,Bosward,38,Female,Low,North Port,Florida
485,Alister,Dye,39,Male,Low,Reno,Nevada
486,Pru,Halle,42,Female,Low,Flushing,New York
487,Rees,Batchan,51,Male,Low,Brooklyn,New York
488,Farly,Benini,56,Male,High,Memphis,Tennessee
489,Margo,Fedorski,22,Female,High,Chattanooga,Tennessee
490,Melamie,Chamberlayne,40,Female,Medium,Galveston,Texas
491,Silvio,Shacklady,71,Male,High,Kansas City,Missouri
492,Kelwin,Authers,69,Male,Medium,Topeka,Kansas
493,Gloriane,Hackley,69,Female,Medium,Littleton,Colorado
494,Darin,Poulett,37,Male,High,Wilmington,Delaware
495,Sibel,Leare,20,Female,High,Tyler,Texas
496,Anica,Swanbourne,74,Female,High,Gulfport,Mississippi
497,Hinda,McAlpine,65,Female,Low,Rockville,Maryland
498,Kath,Ruckert,69,Female,High,Santa Ana,California
499,Beale,Lyall,61,Male,Low,Richmond,California
500,Rycca,Macieja,45,Non-binary,High,Long Beach,California
501,Leandra,Martlew,67,Female,High,Lexington,Kentucky
502,Sumner,Stinton,48,Male,Low,El Paso,Texas
503,Ode,Binch,21,Male,Low,Savannah,Georgia
504,Patty,Armstead,48,Male,Low,Riverside,California
505,Henrik,Putton,50,Male,High,Toledo,Ohio
506,Frankie,McGrady,76,Female,Medium,Muncie,Indiana
507,Christa,Prendergrast,28,Female,Medium,Washington,District of Columbia
508,Jackquelin,Flade,36,Female,Medium,Roanoke,Virginia
509,Robinetta,Alcock,55,Bigender,High,Fort Worth,Texas
510,Stanislas,Branca,33,Male,Medium,San Antonio,Texas
511,Demott,Geertz,37,Male,High,Chicago,Illinois
512,Gretel,Dunhill,53,Female,Low,San Francisco,California
513,Perry,Sawer,47,Female,Medium,Fresno,California
514,Northrop,Roisen,51,Male,High,Charleston,West Virginia
515,Rochell,Barlass,40,Female,High,Pueblo,Colorado
516,Kippy,Hefferan,19,Male,Medium,Valdosta,Georgia
517,Joelie,McCrisken,52,Female,Medium,Spartanburg,South Carolina
518,Violet,Pundy,31,Female,Medium,Spring,Texas
519,Roscoe,Kindall,52,Male,Low,Worcester,Massachusetts
520,Buck,Thraves,39,Male,Medium,Washington,District of Columbia
521,Dena,McAllaster,24,Female,Medium,Saint Petersburg,Florida
522,Inge,Rushmare,36,Female,Medium,Colorado Springs,Colorado
523,Chane,Meadway,74,Male,Medium,Hampton,Virginia
524,Mead,Matijasevic,46,Female,Medium,Memphis,Tennessee
525,Berta,Donovin,23,Female,High,Winston Salem,North Carolina
526,Teriann,Vineall,38,Female,Medium,Gainesville,Florida
527,Stacee,Yes,78,Male,Medium,Reading,Pennsylvania
528,Marcelia,Grunson,24,Female,High,San Francisco,California
529,Suzanne,Euplate,80,Female,Medium,Sacramento,California
530,Ian,Kirkness,74,Male,Medium,Johnson City,Tennessee
531,Myca,Lefridge,23,Male,High,Tucson,Arizona
532,Amaleta,Stentiford,37,Female,Medium,Trenton,New Jersey
533,Hilary,Mundall,46,Male,Low,Silver Spring,Maryland
534,Dunc,Earngy,21,Male,Low,Charleston,South Carolina
535,Bordie,Diffley,44,Agender,Medium,Gainesville,Georgia
536,Michel,Deeley,33,Genderqueer,High,Sacramento,California
537,Rickard,Smeaton,72,Male,Medium,Fort Myers,Florida
538,Ray,Farge,52,Male,Low,Everett,Washington
539,Kristopher,Chick,35,Male,Low,Baltimore,Maryland
540,Ernie,Gerritsma,57,Male,Low,Warren,Ohio
541,Fidelity,Daines,26,Female,Low,Denver,Colorado
542,Darci,Lello,24,Female,High,Saint Paul,Minnesota
543,Woodie,Folbig,38,Non-binary,Low,Cincinnati,Ohio
544,Abramo,Eggins,49,Male,Medium,Pompano Beach,Florida
545,Crissie,Fitzpayn,39,Female,Medium,Long Beach,California
546,Jenna,Genge,47,Non-binary,Low,Boise,Idaho
547,Missy,Cowp,26,Female,Low,Springfield,Massachusetts
548,Laina,Poltun,63,Female,Medium,Pocatello,Idaho
549,Griswold,Drepp,20,Male,Medium,Texarkana,Texas
550,Danna,Saer,77,Female,High,Terre Haute,Indiana
551,Shaylah,Geroldini,63,Female,High,Chattanooga,Tennessee
552,Cheston,Charlet,64,Male,High,Lansing,Michigan
553,Meaghan,Lathbury,59,Female,High,Naples,Florida
554,Denise,Jakab,72,Female,Low,Fresno,California
555,Bendicty,Tartt,67,Male,Medium,Idaho Falls,Idaho
556,Arlen,Kyberd,58,Female,High,Greensboro,North Carolina
557,Ethelda,McGlue,40,Female,High,Melbourne,Florida
558,Zoe,Clewett,57,Female,Low,Gary,Indiana
559,Titus,Behan,68,Male,Low,Lakewood,Washington
560,Tabbi,Coltart,34,Female,High,Saginaw,Michigan
561,Thelma,Lamport,64,Female,Medium,Minneapolis,Minnesota
562,Harmonie,Spradbery,54,Female,Medium,Charlotte,North Carolina
563,Cory,Haddon,31,Male,Low,Houston,Texas
564,Lorette,Goscar,74,Non-binary,Low,Charleston,South Carolina
565,Kalle,Bellwood,75,Male,High,Birmingham,Alabama
566,Michele,Drayson,78,Male,Medium,Saginaw,Michigan
567,Trudy,O'Cullen,52,Female,Low,Portland,Oregon
568,Gunter,Atton,48,Male,Low,Woburn,Massachusetts
569,Tamara,Newlove,40,Female,Low,Minneapolis,Minnesota
570,Christophorus,Dulany,26,Male,Low,Pensacola,Florida
571,Caz,Muddle,18,Male,Low,Rochester,New York
572,Julietta,Petzolt,27,Female,Medium,Reno,Nevada
573,Ulrikaumeko,Sheepy,59,Female,Medium,Wilmington,North Carolina
574,Bonny,Beacon,73,Female,Medium,Tulsa,Oklahoma
575,Darline,Saltsberg,79,Female,Medium,Laredo,Texas
576,Lawrence,Humburton,39,Bigender,Low,Las Vegas,Nevada
577,Perren,Cherrie,74,Male,Low,Seattle,Washington
578,Cordy,Rate,36,Female,Low,Denver,Colorado
579,Barris,Easterbrook,68,Male,High,Pittsburgh,Pennsylvania
580,Chaim,Janes,66,Male,Medium,Fort Wayne,Indiana
581,Anabelle,Hubber,24,Female,Medium,Corona,California
582,Killian,Beeho,57,Male,Low,Sparks,Nevada
583,Carena,Farnall,65,Female,Medium,Memphis,Tennessee
584,Cheslie,Andrieux,71,Female,Medium,Falls Church,Virginia
585,Lexi,Ackery,38,Female,High,Reston,Virginia
586,Richardo,Gorke,72,Male,High,Fresno,California
587,Beulah,Pulsford,31,Female,High,Houston,Texas
588,Dottie,Delgado,32,Female,High,San Bernardino,California
589,Kinsley,Revan,37,Male,High,Lexington,Kentucky
590,Teddi,Elener,23,Female,Low,Rochester,New York
591,Guy,Kinnerk,80,Male,Low,El Paso,Texas
592,Kathe,Paddefield,48,Female,Low,Irvine,California
593,Danya,Halsho,70,Male,Medium,Austin,Texas
594,Gratia,Willoughby,22,Female,Low,San Diego,California
595,Collete,Francescoccio,29,Female,Low,Mobile,Alabama
596,Eugene,Mongain,77,Male,Low,Winston Salem,North Carolina
597,Con,Moss,73,Female,High,Boston,Massachusetts
598,Laurel,Glacken,34,Female,High,Lake Worth,Florida
599,Kearney,Sellick,46,Male,Medium,Trenton,New Jersey
600,Christabella,Cull,37,Female,High,Baltimore,Maryland
601,Mattheus,Pinyon,43,Male,Low,Minneapolis,Minnesota
602,Udall,Hummerston,52,Genderqueer,High,Alexandria,Louisiana
603,Verney,Kristof,41,Genderqueer,Low,Fort Myers,Florida
604,Antonio,Samworth,18,Male,High,Seattle,Washington
605,Anissa,Mazzei,32,Female,Medium,Albuquerque,New Mexico
606,Alasteir,Beaulieu,60,Male,Low,Birmingham,Alabama
607,Zebedee,Stading,44,Male,High,Chattanooga,Tennessee
608,Dorena,Burker,58,Female,Medium,New Orleans,Louisiana
609,Wainwright,Pleuman,28,Male,Medium,Saint Paul,Minnesota
610,Moses,Longhi,28,Male,Low,Mc Keesport,Pennsylvania
611,Mendel,Leaf,21,Male,Low,New York City,New York
612,Derwin,Rudgard,51,Agender,Medium,Fort Worth,Texas
613,Claudelle,Mollnar,80,Female,High,Austin,Texas
614,Patton,Stuther,50,Male,High,Sacramento,California
615,Donny,McAlpin,20,Female,High,Trenton,New Jersey
616,Judi,Lohoar,61,Female,Medium,Birmingham,Alabama
617,Roana,Konzelmann,22,Female,Medium,Lansing,Michigan
618,Colene,Polini,62,Female,High,Saint Cloud,Minnesota
619,Aland,Belfrage,22,Male,Low,Lancaster,Pennsylvania
620,Florida,Gilyott,55,Female,Low,Naples,Florida
621,Georgeanna,Joannic,61,Genderfluid,Low,Atlanta,Georgia
622,Alan,Jennins,31,Male,Low,Grand Junction,Colorado
623,Harald,MacSharry,20,Male,Low,Washington,District of Columbia
624,Trixie,Bees,18,Female,High,Stockton,California
625,Adelheid,Packington,38,Female,Low,Washington,District of Columbia
626,Sibella,Bysshe,49,Female,High,Tulsa,Oklahoma
627,Ave,Baird,23,Male,Low,Birmingham,Alabama
628,Flin,Cramp,36,Male,Low,Dallas,Texas
629,Cullan,Schmuhl,50,Male,High,Mount Vernon,New York
630,Verine,Brotherton,27,Female,Low,Peoria,Illinois
631,Anica,Drohun,50,Female,High,Los Angeles,California
632,Halette,Jaquest,50,Female,High,Washington,District of Columbia
633,Jania,Guilleton,34,Female,High,Austin,Texas
634,Kerrie,Lidster,26,Female,High,Birmingham,Alabama
635,Claudianus,Filby,53,Male,Medium,Paterson,New Jersey
636,Luis,Pettitt,64,Male,Low,Huntington,West Virginia
637,Peggi,Tessier,29,Bigender,Low,Richmond,Virginia
638,Ram,Dhenin,55,Male,Medium,Austin,Texas
639,Ede,Zold,44,Female,High,San Francisco,California
640,Alisander,Skyppe,51,Male,Medium,Phoenix,Arizona
641,Marline,Bonafacino,77,Female,Medium,Van Nuys,California
642,Sebastien,Eingerfield,80,Male,Medium,Santa Fe,New Mexico
643,Engelbert,Gillow,68,Male,High,Wilmington,Delaware
644,Peggi,Johnston,21,Female,Low,Louisville,Kentucky
645,Hanson,Malcolmson,76,Male,Medium,Springfield,Massachusetts
646,Lorenza,Penlington,47,Female,Medium,Indianapolis,Indiana
647,Billie,Corey,67,Male,High,Spartanburg,South Carolina
648,Sibelle,Buzza,72,Female,High,Austin,Texas
649,Tallie,Stanbury,30,Male,Low,Mobile,Alabama
650,Rania,Slader,60,Genderqueer,High,Louisville,Kentucky
651,Consalve,Eichmann,69,Male,High,El Paso,Texas
652,Alasdair,Pieracci,72,Male,Medium,Reston,Virginia
653,Jan,Feechum,77,Female,High,Tacoma,Washington
654,L;urette,Gershom,26,Female,Low,Lexington,Kentucky
655,Corena,Cardno,49,Female,Low,Greenville,South Carolina
656,Rogers,Wiszniewski,53,Male,Low,Escondido,California
657,Edlin,Melbert,45,Male,High,Pittsburgh,Pennsylvania
658,Rebecka,Rallinshaw,54,Female,Medium,Portland,Oregon
659,Sofie,Kierans,62,Genderfluid,Medium,San Bernardino,California
660,Rowena,Nucciotti,66,Female,Medium,Kansas City,Missouri
661,Gianni,Hector,67,Male,High,Toledo,Ohio
662,Mindy,Calcott,55,Female,High,Louisville,Kentucky
663,Brennen,Prose,77,Male,Low,San Francisco,California
664,Modesta,Buck,79,Female,Low,Flint,Michigan
665,Christophe,Galle,49,Male,Low,Worcester,Massachusetts
666,Miltie,Somerbell,47,Male,High,Young America,Minnesota
667,Marcelline,Leijs,40,Female,Low,Aurora,Colorado
668,Sheree,Desborough,20,Female,Medium,Washington,District of Columbia
669,Christiano,Buye,18,Male,Low,Seattle,Washington
670,Kaleena,Axworthy,48,Female,High,Jackson,Tennessee
671,Ina,Lohmeyer,62,Female,Low,Jacksonville,Florida
672,Tremayne,Bonhill,67,Male,High,Las Vegas,Nevada
673,Latrina,Middlemiss,25,Female,Medium,Albany,New York
674,Eleanor,Cockle,65,Bigender,Medium,Duluth,Georgia
675,Lock,Reiach,20,Male,Medium,Bakersfield,California
676,Mireielle,Maylard,53,Female,Low,Kansas City,Missouri
677,Warner,Seppey,34,Male,High,Houston,Texas
678,Robinet,Christiensen,60,Male,High,Fort Lauderdale,Florida
679,Selena,Gilbard,28,Female,Low,Saint Louis,Missouri
680,Jess,Partington,46,Female,Low,San Rafael,California
681,Stan,Mewton,78,Male,Low,San Antonio,Texas
682,Kim,Waggatt,44,Genderfluid,Medium,New Haven,Connecticut
683,Ethelind,McNess,41,Female,High,Anaheim,California
684,Paolo,Crennell,56,Male,High,Memphis,Tennessee
685,Anastassia,Ronchka,65,Female,Medium,Lehigh Acres,Florida
686,Rudolfo,Bezant,29,Male,Medium,Tulsa,Oklahoma
687,Gisella,O'Hegertie,61,Bigender,Medium,Terre Haute,Indiana
688,Fedora,Larcier,33,Female,Medium,Chicago,Illinois
689,Mitchell,Grammer,64,Male,High,Philadelphia,Pennsylvania
690,Ranee,Noore,75,Female,Medium,Long Beach,California
691,Gabbie,Jahndel,75,Male,Medium,Atlanta,Georgia
692,Woodrow,Brosius,68,Male,High,Charlotte,North Carolina
693,Olivie,Lindholm,38,Non-binary,High,New York City,New York
694,Waylen,Lile,66,Male,Medium,Atlanta,Georgia
695,Jase,Blatcher,29,Male,Low,Chicago,Illinois
696,Persis,Sandcroft,43,Bigender,Medium,Indianapolis,Indiana
697,Northrup,Stringman,51,Male,High,Eugene,Oregon
698,Garrard,Ilem,65,Male,Low,Youngstown,Ohio
699,Wally,Poultney,70,Female,Medium,Los Angeles,California
700,Meggie,Cartledge,21,Female,Low,Washington,District of Columbia
701,Lauren,Fewkes,45,Genderqueer,Low,New Orleans,Louisiana
702,Aleksandr,Bloodworth,30,Male,Medium,Roanoke,Virginia
703,Carline,Baszkiewicz,50,Female,Low,Boca Raton,Florida
704,Monika,Dunkley,55,Female,Low,Independence,Missouri
705,Gabby,Odger,40,Male,Medium,Seattle,Washington
706,Ernesta,Norvel,67,Genderfluid,Medium,Salt Lake City,Utah
707,Carroll,Stobbes,80,Male,High,Carol Stream,Illinois
708,Lemmy,Brantl,40,Male,Medium,Saint Augustine,Florida
709,Darin,Twoohy,74,Male,High,Portland,Oregon
710,Costanza,Axston,19,Female,Low,Houston,Texas
711,Michele,Ciccetti,51,Female,Medium,Mansfield,Ohio
712,Augustine,Dolder,54,Genderfluid,Medium,Shreveport,Louisiana
713,May,Caherny,25,Female,Medium,Pasadena,Texas
714,Mikey,Wrought,67,Male,Medium,Washington,District of Columbia
715,Jone,Jelks,66,Male,Low,Glendale,Arizona
716,Nicolis,Melbourn,35,Male,Low,Torrance,California
717,Abby,Branigan,37,Bigender,Medium,Port Charlotte,Florida
718,Phebe,Humpherson,51,Female,High,Saint Paul,Minnesota
719,Kailey,Stokell,55,Female,High,Austin,Texas
720,Nap,Denerley,65,Male,Medium,Fullerton,California
721,Pammi,MacGebenay,35,Bigender,Low,Pittsburgh,Pennsylvania
722,Stanton,Inkle,52,Male,Low,Indianapolis,Indiana
723,Vinnie,Veschambre,46,Male,Low,Charleston,West Virginia
724,Brietta,Ashmole,71,Female,Medium,Gilbert,Arizona
725,Vanya,Hutchinson,46,Male,Medium,Corpus Christi,Texas
726,Dalt,Capes,53,Male,Low,Jackson,Tennessee
727,Jennifer,Dormand,41,Female,Low,El Paso,Texas
728,Kristopher,Silberschatz,70,Male,Medium,Reston,Virginia
729,Ikey,Timmens,46,Male,Medium,Cedar Rapids,Iowa
730,Halimeda,Chave,72,Female,High,San Jose,California
731,Bar,Newcom,69,Male,High,Youngstown,Ohio
732,Rosina,Maultby,64,Female,Low,El Paso,Texas
733,Charmian,Disney,59,Female,Low,Chicago,Illinois
734,Culley,Dunmore,76,Bigender,Low,Stamford,Connecticut
735,Adriaens,Thumann,75,Female,High,Inglewood,California
736,Felike,Gyrgorwicx,53,Male,Medium,Shreveport,Louisiana
737,Deanna,Boud,18,Female,Low,Austin,Texas
738,Holly,Bowen,76,Male,High,Saint Louis,Missouri
739,Dun,Bruff,48,Male,Medium,Phoenix,Arizona
740,Fleur,Steart,21,Non-binary,Low,Washington,District of Columbia
741,Veronica,Mallebone,32,Female,Medium,Saint Louis,Missouri
742,Adah,Clendening,18,Agender,Low,Sioux Falls,South Dakota
743,Madelin,Steckings,43,Female,Medium,Tulsa,Oklahoma
744,Morrie,Bloxsum,53,Male,Low,Fresno,California
745,Roberto,Golde,23,Male,High,Kingsport,Tennessee
746,Spencer,Fallanche,54,Male,High,Waco,Texas
747,Vivian,Gristwood,79,Female,Low,Columbia,South Carolina
748,Griffith,Aves,70,Male,Low,Wichita,Kansas
749,Sascha,Demkowicz,64,Female,Low,West Hartford,Connecticut
750,Donavon,Colaco,77,Male,High,Dallas,Texas
751,Misty,Lawn,26,Female,High,Jacksonville,Florida
752,Adlai,Hairyes,22,Male,Medium,Shawnee Mission,Kansas
753,Eddi,Udey,48,Female,High,Sacramento,California
754,Susannah,Duligal,27,Female,Low,Washington,District of Columbia
755,Rockie,Kik,25,Male,Low,Denver,Colorado
756,Kennedy,Hick,48,Male,Low,Columbus,Georgia
757,Marshal,O'Brogane,39,Male,Low,Fort Wayne,Indiana
758,Reid,Bilton,38,Male,Medium,Kissimmee,Florida
759,Willow,Damarell,68,Female,Low,Jamaica,New York
760,Connie,Bane,64,Male,Low,Duluth,Minnesota
761,Amil,Very,67,Female,Low,Washington,District of Columbia
762,Vanya,Everton,72,Male,High,Raleigh,North Carolina
763,Ernesto,Ferro,18,Male,Low,Bowie,Maryland
764,Dwain,Joselson,62,Male,Medium,Erie,Pennsylvania
765,Abby,Potts,66,Female,Low,Washington,District of Columbia
766,Baird,Dommett,18,Male,High,Jamaica,New York
767,Iolande,Demangel,49,Female,Low,New Haven,Connecticut
768,Mort,Stellino,36,Male,High,Boise,Idaho
769,Serena,Smallacombe,52,Female,High,Shawnee Mission,Kansas
770,Jodi,Cottam,39,Male,High,San Diego,California
771,Perice,Borne,54,Male,Medium,Toledo,Ohio
772,Dee,Romao,35,Female,Low,Shreveport,Louisiana
773,Newton,Dawbery,35,Male,Low,Wichita,Kansas
774,Mariette,Mussetti,44,Female,High,Clearwater,Florida
775,Petr,Fry,56,Male,Low,San Antonio,Texas
776,Roberta,Vaggs,50,Female,Medium,Pensacola,Florida
777,Fiorenze,MacNair,36,Female,Medium,Anaheim,California
778,Benyamin,Costerd,52,Male,High,Pasadena,California
779,Harlie,Doers,48,Female,Medium,New York City,New York
780,Husein,Davana,40,Male,Medium,Peoria,Illinois
781,Nathaniel,Andriulis,66,Male,Low,Muskegon,Michigan
782,Darrick,Laying,28,Male,Medium,Baton Rouge,Louisiana
783,Pepillo,Swetenham,71,Male,Medium,Canton,Ohio
784,Dare,Aked,62,Male,Medium,Washington,District of Columbia
785,Arluene,Hardwick,30,Female,High,Columbia,Missouri
786,Julius,Tourmell,72,Male,Low,Raleigh,North Carolina
787,Amaleta,Fildery,80,Female,High,Washington,District of Columbia
788,Crawford,Wasielewski,56,Male,Low,Atlanta,Georgia
789,Conway,Guarnier,57,Male,Low,Los Angeles,California
790,Nickolai,Niemetz,29,Male,Low,Ventura,California
791,Karlie,Egle of Germany,33,Female,Low,Orlando,Florida
792,Shawn,Westhofer,67,Agender,High,Fresno,California
793,Joshia,Roskam,51,Male,Low,Savannah,Georgia
794,Dulcea,Asher,31,Female,Low,Texarkana,Texas
795,Hedi,Mattiazzi,28,Female,Low,Rockford,Illinois
796,Lorilee,Muldoon,30,Female,Low,Lansing,Michigan
797,Sheff,Guiness,32,Agender,Medium,Chattanooga,Tennessee
798,Gilberte,Lowle,58,Female,Low,New Haven,Connecticut
799,Zack,Schulter,43,Male,High,South Lake Tahoe,California
800,Khalil,Lossman,78,Male,High,Charleston,West Virginia
801,Saunders,Blakey,45,Male,Medium,Evansville,Indiana
802,Damiano,Hullbrook,51,Male,Medium,El Paso,Texas
803,Lalo,Warmisham,48,Male,Medium,Jersey City,New Jersey
804,Far,Cawse,23,Male,Low,Denver,Colorado
805,Vasilis,Nurse,44,Non-binary,High,Washington,District of Columbia
806,Lamont,Barrell,56,Male,Medium,Prescott,Arizona
807,Emyle,MacIlriach,27,Female,High,Pensacola,Florida
808,Melinde,Fillimore,74,Female,High,Huntington Beach,California
809,Jens,Byham,34,Male,High,Topeka,Kansas
810,Dawn,Carr,72,Female,Low,Monticello,Minnesota
811,Major,Ghione,28,Male,High,Riverside,California
812,Barron,Nashe,74,Male,Medium,Denver,Colorado
813,Crystal,Templman,60,Female,High,Evansville,Indiana
814,Ruperta,Plastow,51,Female,High,Modesto,California
815,Tobi,Fetherston,39,Female,Low,Dallas,Texas
816,Babbette,Mutter,68,Bigender,Medium,Van Nuys,California
817,Leshia,O'Fallone,58,Female,High,Augusta,Georgia
818,Lenka,Zecchinii,30,Female,High,Seattle,Washington
819,Georgeanne,Jackways,25,Female,High,Katy,Texas
820,Elysee,Huggan,46,Female,High,Wichita Falls,Texas
821,Katti,Corradengo,30,Female,Low,Levittown,Pennsylvania
822,Barnabe,Stinchcombe,47,Male,Medium,Arlington,Texas
823,Diahann,Roarty,74,Female,Medium,Elizabeth,New Jersey
824,Sorcha,MacGovern,73,Female,High,Springfield,Illinois
825,Jackie,Izhaky,61,Male,Low,Sterling,Virginia
826,Susie,Juschke,51,Female,Low,Lake Charles,Louisiana
827,Norma,Beeho,60,Female,Low,Wichita,Kansas
828,Genni,McNish,77,Genderfluid,Low,Silver Spring,Maryland
829,Kleon,Ellissen,64,Male,Medium,Boca Raton,Florida
830,Arda,Dupey,34,Female,Low,Albany,Georgia
831,Karie,Norvel,35,Female,High,Tempe,Arizona
832,Gregory,Wyson,73,Male,High,Fresno,California
833,Elwira,Keenlayside,33,Female,Low,Jamaica,New York
834,Carlita,Clogg,50,Female,High,Newport News,Virginia
835,Tabor,McKyrrelly,32,Male,High,Des Moines,Iowa
836,Dominik,O' Ronan,51,Male,High,Topeka,Kansas
837,Israel,Kik,30,Male,Medium,Tyler,Texas
838,Kingsley,Lentsch,24,Male,Medium,Syracuse,New York
839,Kathy,Fewkes,60,Female,Medium,Shawnee Mission,Kansas
840,Reinald,Crichmer,50,Male,High,Jacksonville,Florida
841,Jerri,Gadie,42,Male,High,Winston Salem,North Carolina
842,Emmit,Ouldcott,47,Male,High,Macon,Georgia
843,Valaree,Tong,69,Female,Low,Mountain View,California
844,Lottie,Pridham,19,Bigender,High,Pasadena,California
845,Fernandina,Dimond,31,Female,Medium,Milwaukee,Wisconsin
846,Vite,Perocci,66,Male,Medium,Seattle,Washington
847,Dorolisa,Diggens,37,Female,High,Evansville,Indiana
848,Riley,Benoi,18,Male,Low,Dallas,Texas
849,Horace,Kelley,54,Male,Low,Baton Rouge,Louisiana
850,Noel,Kulic,36,Female,Medium,Washington,District of Columbia
851,Gabe,Rosell,56,Male,High,Atlanta,Georgia
852,Charlena,Willshaw,56,Female,Medium,Chicago,Illinois
853,Merl,Vickerman,44,Female,Low,El Paso,Texas
854,Rozanna,Kynder,66,Female,Low,Kansas City,Missouri
855,Heinrik,Vockins,53,Male,Low,Houston,Texas
856,Monty,Garric,80,Male,Low,Valdosta,Georgia
857,Toma,Lines,18,Female,Medium,Jackson,Tennessee
858,Tomaso,McClifferty,48,Male,Low,Washington,District of Columbia
859,Jojo,Diggens,65,Female,Low,Gainesville,Florida
860,Sebastiano,Atwel,65,Male,Low,Irvine,California
861,Doralin,Simonelli,27,Female,Medium,Nashville,Tennessee
862,Val,Bisley,22,Male,High,Pasadena,California
863,Yardley,Paullin,74,Male,High,Simi Valley,California
864,Tabbie,Gettens,33,Male,High,Louisville,Kentucky
865,Jill,Rowntree,34,Female,Low,Norman,Oklahoma
866,Louis,Pavic,72,Male,Medium,Saint Paul,Minnesota
867,Gianina,Bearne,73,Female,Low,Jackson,Mississippi
868,Bevvy,Pacquet,61,Female,Low,Joliet,Illinois
869,Juliana,Longbone,21,Female,High,Champaign,Illinois
870,Zita,Bruineman,72,Female,Low,Los Angeles,California
871,Timothy,Guichard,35,Polygender,High,Anderson,South Carolina
872,Kristos,Tills,23,Male,High,Columbia,South Carolina
873,Skipp,Elderton,79,Male,High,Fort Collins,Colorado
874,Paolo,Jurs,23,Male,High,Detroit,Michigan
875,Dom,Piris,43,Male,Medium,Albany,New York
876,Alexei,Kahen,41,Male,Medium,Harrisburg,Pennsylvania
877,Laurence,de Marco,72,Male,Low,Warren,Michigan
878,Georgeanne,Haythorn,72,Female,Medium,Saint Paul,Minnesota
879,Beale,Rochell,71,Male,High,Philadelphia,Pennsylvania
880,Pryce,Toopin,61,Male,Medium,San Francisco,California
881,Ruthie,Kinglake,71,Female,Medium,Jamaica,New York
882,Stu,Shefton,78,Male,Medium,Ann Arbor,Michigan
883,Rowney,Fairfoul,75,Male,Low,Des Moines,Iowa
884,Lusa,Baiden,22,Female,Medium,Lima,Ohio
885,Leighton,Cleeves,33,Male,Medium,Irvine,California
886,Agosto,Speer,36,Male,High,Bowie,Maryland
887,Petronia,Gartside,31,Female,Low,Pasadena,California
888,Jolynn,Parkhouse,77,Female,Low,Miami,Florida
889,Shaine,Kemmey,35,Female,Low,Loretto,Minnesota
890,Domenico,Habercham,68,Male,Low,Young America,Minnesota
891,Shelbi,Pounsett,77,Female,High,Anchorage,Alaska
892,Rich,Handslip,19,Male,Low,San Antonio,Texas
893,Dasya,Astley,25,Female,Medium,Orlando,Florida
894,Zebadiah,Richemond,74,Male,Medium,Atlanta,Georgia
895,Nathaniel,Blackmuir,45,Male,High,Sioux Falls,South Dakota
896,Saidee,Kemish,48,Non-binary,Low,Buffalo,New York
897,Theadora,Codd,40,Female,Low,Boise,Idaho
898,Halli,Mangon,41,Female,High,Youngstown,Ohio
899,Luci,Gisbey,75,Agender,High,Ocala,Florida
900,Kermie,Alexsandrov,21,Male,Low,Saint Cloud,Minnesota
901,Lock,Sully,46,Bigender,Medium,Evansville,Indiana
902,Martha,Strangeway,61,Female,High,Oceanside,California
903,Willard,Phillins,78,Male,Low,Garland,Texas
904,Artemas,Lynds,67,Male,High,Evansville,Indiana
905,Johannes,Domerc,35,Male,High,Richmond,Virginia
906,Baillie,McKeeman,75,Male,Medium,Austin,Texas
907,Lane,Ondracek,36,Female,Medium,Mesa,Arizona
908,Flo,De Gouy,52,Female,Low,Boston,Massachusetts
909,Rolph,Lambswood,76,Male,Low,Sacramento,California
910,Cheston,Philcott,68,Genderfluid,High,Irving,Texas
911,Dorie,Gianinotti,35,Male,Low,Port Charlotte,Florida
912,Huntley,D'Agostini,62,Bigender,Low,Zephyrhills,Florida
913,Dyana,Flipek,48,Female,Low,Longview,Texas
914,Kelli,Duffit,26,Female,High,Sterling,Virginia
915,Jan,Thunnercliffe,32,Male,Medium,Mobile,Alabama
916,Silas,Managh,26,Male,Medium,Indianapolis,Indiana
917,Annadiane,Wardhaw,37,Polygender,Low,Warren,Ohio
918,Rory,Yashanov,52,Male,Low,Huntington,West Virginia
919,Townsend,Chivers,35,Male,High,Montgomery,Alabama
920,Sheela,Romayne,47,Female,Medium,New York City,New York
921,Audry,Brameld,71,Female,Medium,Wilmington,North Carolina
922,Nolan,Beckford,51,Male,Low,Huntington,West Virginia
923,Chelsea,Basire,64,Female,Medium,Brooklyn,New York
924,Stephan,McCue,66,Male,Low,Montgomery,Alabama
925,Vittoria,Loveitt,27,Female,High,Jacksonville,Florida
926,Dorian,Paling,75,Female,Medium,College Station,Texas
927,Ashlan,Stanners,71,Female,Low,Raleigh,North Carolina
928,Kyrstin,Jillard,79,Female,Low,El Paso,Texas
929,Janenna,Wevell,46,Female,High,Cedar Rapids,Iowa
930,Berkley,Hunnicutt,50,Male,High,Winston Salem,North Carolina
931,Jackie,Snazle,68,Female,Medium,Cumming,Georgia
932,Carole,Woodes,55,Female,High,Gainesville,Florida
933,Sherlock,Cherry,27,Male,High,Phoenix,Arizona
934,Johannah,Sutworth,55,Female,Medium,New York City,New York
935,Morten,Wintringham,28,Male,High,Cleveland,Ohio
936,Shirline,Barwick,74,Female,Medium,Kent,Washington
937,Arnoldo,Preator,48,Male,High,Fort Worth,Texas
938,Devora,Mathewson,46,Female,Low,Omaha,Nebraska
939,Gustavus,Bruhnicke,66,Male,Medium,Atlanta,Georgia
940,Jen,Blaes,28,Female,Low,El Paso,Texas
941,Saul,Betteridge,30,Polygender,Low,Memphis,Tennessee
942,Tersina,Henkens,45,Female,Low,Cleveland,Ohio
943,Ariela,Borman,31,Female,Medium,Columbia,South Carolina
944,Amalle,Altoft,54,Female,Medium,Charleston,West Virginia
945,Ezekiel,Hlavecek,44,Male,Low,Kingsport,Tennessee
946,Gwenette,Ivantyev,57,Female,Medium,Seattle,Washington
947,Devinne,Parmby,72,Female,Medium,Lafayette,Louisiana
948,Leena,Oman,53,Genderqueer,High,Shreveport,Louisiana
949,Melina,Trowbridge,22,Female,Medium,Springfield,Missouri
950,Andre,Klink,62,Male,Low,New Orleans,Louisiana
951,Benjamin,Lozano,27,Male,High,Pittsburgh,Pennsylvania
952,Dolores,Locock,31,Female,Low,White Plains,New York
953,Chan,Jacobsz,71,Male,Medium,Milwaukee,Wisconsin
954,Wye,Alpin,57,Male,Medium,Honolulu,Hawaii
955,Ardra,Dorgon,65,Genderfluid,Low,Lubbock,Texas
956,Sydney,Amesbury,77,Male,High,Henderson,Nevada
957,Betteanne,Fouracre,34,Female,Low,Tyler,Texas
958,Crissie,Twede,54,Female,Low,Columbus,Ohio
959,Jethro,Ceci,51,Male,Low,Jackson,Mississippi
960,Sal,Bennedick,30,Male,Low,Seminole,Florida
961,Olivie,Antonikov,32,Female,Low,Riverside,California
962,Cristabel,Banfill,37,Female,High,Las Vegas,Nevada
963,Sanderson,Abrami,78,Male,Low,Memphis,Tennessee
964,Rawley,Dybald,49,Male,High,Independence,Missouri
965,Francois,Mityukov,31,Male,Low,Little Rock,Arkansas
966,Atlanta,Aspinal,49,Female,High,New York City,New York
967,Tatiana,Twell,30,Female,Medium,New Orleans,Louisiana
968,Salmon,Zamorano,72,Male,Medium,Albuquerque,New Mexico
969,Margaretha,Clymo,74,Female,Low,New York City,New York
970,Stearne,Pendre,37,Male,Low,Aurora,Colorado
971,Huntlee,Binning,52,Male,Low,Panama City,Florida
972,Bartholomeo,Scanlon,64,Genderqueer,High,Grand Rapids,Michigan
973,Leighton,Tremathack,73,Male,Low,Miami,Florida
974,Barnabe,Blainey,70,Male,Low,Oklahoma City,Oklahoma
975,Fonz,Kaye,46,Male,Low,Milwaukee,Wisconsin
976,Flory,Engeham,69,Male,Low,Bryan,Texas
977,Izak,Misken,51,Male,Medium,San Francisco,California
978,Artemus,Jeenes,54,Male,High,Cleveland,Ohio
979,Danella,Fowkes,43,Female,Low,El Paso,Texas
980,Alene,Martinovic,51,Female,High,Philadelphia,Pennsylvania
981,Wenda,Jilkes,50,Female,Medium,Valley Forge,Pennsylvania
982,Kai,Genery,26,Female,High,Boise,Idaho
983,Raimundo,Jozefczak,22,Male,High,Dallas,Texas
984,Kevyn,Beartup,80,Female,High,Maple Plain,Minnesota
985,Perkin,Roches,52,Male,Low,Duluth,Georgia
986,Stormie,Bellson,60,Female,Medium,Dallas,Texas
987,Haleigh,Hagwood,24,Bigender,High,Springfield,Illinois
988,Georgie,Lissandre,18,Female,Medium,Sacramento,California
989,Thomas,Skittreal,19,Male,Medium,Montpelier,Vermont
990,Waylon,Jury,64,Male,High,El Paso,Texas
991,Rasla,McLagan,32,Female,Low,Spokane,Washington
992,Kane,Mears,73,Genderqueer,Medium,Raleigh,North Carolina
993,Kellen,Wilce,73,Female,Low,Macon,Georgia
994,Evey,Blowne,28,Female,Medium,Hartford,Connecticut
995,Rochester,Redbourn,26,Genderfluid,Medium,Cincinnati,Ohio
996,Payton,Sondland,74,Male,Medium,Springfield,Missouri
997,Binni,Ewington,28,Female,Medium,Amarillo,Texas
998,Harv,Soar,64,Male,Medium,Trenton,New Jersey
999,Anjela,Sygroves,66,Female,Medium,Houston,Texas
1000,Homere,Thurlbourne,31,Male,Low,Fresno,California
